brake,hand_brake,throttle,steer,distance,action
0.0,False,0.0,0.0,43.70600891,2
0.0,False,0.0,0.0,43.70600891,2
0.0,False,0.0,0.0,60.79465103,2
0.0,False,0.0,0.0,60.79465103,2
0.0,False,0.0,0.0,20.43494987,2
0.0,False,0.0,0.0,20.43494987,2
0.0,False,0.0,0.0,44.11598969,2
0.0,False,0.0,0.0,44.11598969,2
0.0,False,0.0,0.0,44.11598969,2
0.0,False,0.0,0.0,44.11598969,2
0.0,False,0.0,0.0,48.85443115,2
0.0,False,0.0,0.0,48.85443115,2
0.0,False,0.0,0.0,21.56064415,2
0.0,False,0.0,0.0,21.56064415,2
0.0,False,0.0,0.0,45.67697525,2
0.0,False,0.0,0.0,45.67697525,2
0.0,False,0.0,0.0,22.06436729,2
0.0,False,0.0,0.0,22.06436729,2
0.0,False,0.0,0.0,29.13745308,2
0.0,False,0.0,0.0,29.13745308,2
0.0,False,0.0,0.0,29.13750267,2
0.0,False,0.0,0.0,29.13750267,2
0.0,False,0.0,0.0,22.83551788,2
0.0,False,0.0,0.0,22.83551788,2
0.0,False,0.0,0.0,23.11398888,2
0.0,False,0.0,0.0,23.11398888,2
0.0,False,0.0,0.0,63.45982742,2
0.0,False,0.0,0.0,63.45982742,2
0.0,False,0.0,0.0,24.10419846,2
0.0,False,0.0,0.0,24.10419846,2
0.0,False,0.0,0.0,24.25001717,2
0.0,False,0.0,0.0,24.25001717,2
0.0,False,0.0,0.0,79.9604187,2
0.0,False,0.01,0.0,79.9604187,2
0.0,False,0.02,0.0,24.5078373,2
0.0,False,0.029999999,0.0,24.5078373,2
0.0,False,0.039999999,0.0,54.77124786,2
0.0,False,0.050000001,0.0,54.77124786,2
0.0,False,0.060000002,0.0,29.26030731,2
0.0,False,0.07,0.0,29.26030731,2
0.0,False,0.079999998,0.0,42.70392609,2
0.0,False,0.089999996,0.0,42.70392609,2
0.0,False,0.099999994,0.0,63.45958328,2
0.0,False,0.109999992,0.0,63.45958328,2
0.0,False,0.11999999,0.0,86.76161194,2
0.0,False,0.129999995,0.0,86.76161194,2
0.0,False,0.140000001,0.0,26.32579803,2
0.0,False,0.150000006,0.0,26.32579803,2
0.0,False,0.160000011,0.0,29.92504501,2
0.0,False,0.170000017,0.0,29.92504501,2
0.0,False,0.180000022,0.0,27.00717545,2
0.0,False,0.190000027,0.0,27.00717545,2
0.0,False,0.200000033,0.0,29.26028824,2
0.0,False,0.210000038,0.0,29.26028824,2
0.0,False,0.220000044,0.0,86.76119995,2
0.0,False,0.230000049,0.0,86.76119995,2
0.0,False,0.240000054,0.0,27.9072094,2
0.0,False,0.25000006,0.0,27.9072094,2
0.0,False,0.26000005,0.0,63.13830566,2
0.0,False,0.270000041,0.0,63.13830566,2
0.0,False,0.280000031,0.0,28.56819916,2
0.0,False,0.290000021,0.0,28.56819916,2
0.0,False,0.300000012,0.0,28.7432785,2
0.0,False,0.310000002,0.0,28.7432785,2
0.0,False,0.319999993,0.0,29.12486839,2
0.0,False,0.329999983,0.0,29.12486839,2
0.0,False,0.339999974,0.0,60.79483795,2
0.0,False,0.349999964,0.0,60.79483795,2
0.0,False,0.359999955,0.0,29.26032066,2
0.0,False,0.369999945,0.0,29.26032066,2
0.0,False,0.379999936,0.0,29.90841484,2
0.0,False,0.389999926,0.0,29.90841484,2
0.0,False,0.399999917,0.0,29.92510986,2
0.0,False,0.409999907,0.0,29.92510986,2
0.0,False,0.419999897,0.0,46.49779129,2
0.0,False,0.429999888,0.0,46.49779129,2
0.0,False,0.439999878,0.0,30.9011097,2
0.0,False,0.449999869,0.0,30.9011097,2
0.0,False,0.459999859,0.0,31.15569687,2
0.0,False,0.46999985,0.0,31.15569687,2
0.0,False,0.47999984,0.0,31.15569687,2
0.0,False,0.489999831,0.0,31.15569687,2
0.0,False,0.499999821,0.0,31.64987755,2
0.0,False,0.509999812,0.0,31.64987755,2
0.0,False,0.519999802,0.0,31.64987755,2
0.0,False,0.529999793,0.0,31.64987755,2
0.0,False,0.539999783,0.0,32.15961075,2
0.0,False,0.549999774,0.0,32.15961075,2
0.0,False,0.559999764,0.0,32.51940536,2
0.0,False,0.569999754,0.0,32.51940536,2
0.0,False,0.579999745,0.0,32.74536896,2
0.0,False,0.589999735,0.0,32.74536896,2
0.0,False,0.599999726,0.0,32.96295929,2
0.0,False,0.609999716,0.0,32.96295929,2
0.0,False,0.619999707,0.0,87.56990051,2
0.0,False,0.629999697,0.0,87.56990051,2
0.0,False,0.639999688,0.0,46.27865982,2
0.0,False,0.649999678,0.0,46.27865982,2
0.0,False,0.659999669,0.0,33.66127777,2
0.0,False,0.669999659,0.0,33.66127777,2
0.0,False,0.67999965,0.0,33.86504745,2
0.0,False,0.68999964,0.0,33.86504745,2
0.0,False,0.69999963,0.0,33.86504745,2
0.0,False,0.709999621,0.0,33.86504745,2
0.0,False,0.719999611,0.0,34.19377136,2
0.0,False,0.729999602,0.0,34.19377136,2
0.0,False,0.739999592,0.0,34.36511993,2
0.0,False,0.749999583,0.0,34.36511993,2
0.0,False,0.759999573,0.0,34.52258301,2
0.0,False,0.769999564,0.0,34.52258301,2
0.0,False,0.779999554,0.0,34.66173553,2
0.0,False,0.789999545,0.0,34.66173553,2
0.0,False,0.799999535,0.0,34.79787445,2
0.0,False,0.809999526,0.0,34.79787445,2
0.0,False,0.819999516,0.0,34.9275322,2
0.0,False,0.829999506,0.0,34.9275322,2
0.0,False,0.839999497,0.0,42.56806183,2
0.0,False,0.849999487,0.0,42.56806183,2
0.0,False,0.859999478,0.0,96.3398056,2
0.0,False,0.869999468,0.0,96.3398056,2
0.0,False,0.879999459,0.0,35.23498535,2
0.0,False,0.889999449,0.0,35.23498535,2
0.0,False,0.89999944,0.0,41.74337006,2
0.0,False,0.90999943,0.0,41.74337006,2
0.0,False,0.919999421,0.0,41.51371002,2
0.0,False,0.929999411,0.0,41.51371002,2
0.0,False,0.939999402,0.0,77.11333466,2
0.0,False,0.949999392,0.0,77.11333466,2
0.0,False,0.959999382,0.0,35.50347137,2
0.0,False,0.969999373,0.0,35.50347137,2
0.0,False,0.979999363,0.0,60.68912506,2
0.0,False,0.989999354,0.0,60.68912506,2
0.0,False,0.999999344,0.0,43.77915573,2
0.0,False,1.0,0.0,43.77915573,2
0.0,False,1.0,0.0,35.58025742,2
0.0,False,1.0,0.0,35.58025742,2
0.0,False,1.0,0.0,35.57212448,2
0.0,False,1.0,0.0,35.57212448,2
0.0,False,1.0,0.0,52.07225037,2
0.0,False,1.0,0.0,52.07225037,2
0.0,False,1.0,0.0,99.12171936,2
0.0,False,1.0,0.0,99.12171936,2
0.0,False,1.0,0.0,35.4731369,2
0.0,False,1.0,0.0,35.4731369,2
0.0,False,1.0,0.0,35.43967056,2
0.0,False,1.0,0.0,35.43967056,2
0.0,False,1.0,0.0,35.50430679,2
0.0,False,1.0,0.0,35.50430679,2
0.0,False,1.0,0.0,97.69934082,2
0.0,False,1.0,0.0,97.69934082,2
0.0,False,1.0,0.0,73.72340393,2
0.0,False,1.0,0.0,73.72340393,2
0.0,False,1.0,0.0,49.58392334,2
0.0,False,1.0,0.0,49.58392334,2
0.0,False,1.0,0.0,88.88228607,2
0.0,False,1.0,0.0,88.88228607,2
0.0,False,1.0,0.0,88.66033173,2
0.0,False,1.0,0.0,88.66033173,2
0.0,False,1.0,0.0,96.11968231,2
0.0,False,1.0,0.0,96.11968231,2
0.0,False,1.0,0.0,48.52549744,2
0.0,False,1.0,0.0,48.52549744,2
0.0,False,1.0,0.0,72.2514267,2
0.0,False,1.0,0.0,72.2514267,2
0.0,False,1.0,0.0,34.95715332,2
0.0,False,1.0,0.0,34.95715332,2
0.0,False,1.0,0.0,72.1889267,2
0.0,False,1.0,0.0,72.1889267,2
0.0,False,1.0,0.0,87.00331116,2
0.0,False,1.0,0.0,87.00331116,2
0.0,False,1.0,0.0,94.05233002,2
0.0,False,1.0,0.0,94.05233002,2
0.0,False,1.0,0.0,93.6316452,2
0.0,False,1.0,0.0,93.6316452,2
0.0,False,1.0,0.0,93.10900879,2
0.0,False,1.0,0.0,93.10900879,2
0.0,False,1.0,0.0,92.60369873,2
0.0,False,1.0,0.0,92.60369873,2
0.0,False,1.0,0.0,36.62526321,2
0.0,False,1.0,0.0,36.62526321,2
0.0,False,1.0,0.0,33.7402916,2
0.0,False,1.0,0.0,33.7402916,2
0.0,False,1.0,0.0,43.97625732,2
0.0,False,1.0,0.0,43.97625732,2
0.0,False,1.0,0.0,33.26171875,2
0.0,False,1.0,0.0,33.26171875,2
0.0,False,1.0,0.0,66.82192993,2
0.0,False,1.0,0.0,66.82192993,2
0.0,False,1.0,0.0,90.02258301,2
0.0,False,1.0,0.0,90.02258301,2
0.0,False,1.0,0.0,32.41920471,2
0.0,False,1.0,0.0,32.41920471,2
0.0,False,1.0,0.0,32.41920471,2
0.0,False,1.0,0.0,32.41920471,2
0.0,False,1.0,0.0,89.73228455,2
0.0,False,1.0,0.0,89.73228455,2
0.0,False,1.0,0.0,31.63916397,2
0.0,False,1.0,0.0,31.63916397,2
0.0,False,1.0,0.0,89.00656891,2
0.0,False,1.0,0.0,89.00656891,2
0.0,False,1.0,0.0,88.57194519,2
0.0,False,1.0,0.0,88.57194519,2
0.0,False,1.0,0.0,88.03250885,2
0.0,False,1.0,0.0,88.03250885,2
0.0,False,1.0,0.0,60.96964264,2
0.0,False,1.0,0.0,60.96964264,2
0.0,False,1.0,0.0,45.75340652,2
0.0,False,1.0,0.0,45.75340652,2
0.0,False,1.0,0.0,86.01958466,2
0.0,False,1.0,0.0,86.01958466,2
0.0,False,1.0,0.0,88.02478027,2
0.0,False,1.0,0.0,88.02478027,2
0.0,False,1.0,0.0,84.88493347,2
0.0,False,1.0,0.0,84.88493347,2
0.0,False,1.0,0.0,28.08425713,2
0.0,False,1.0,0.0,28.08425713,2
0.0,False,1.0,0.0,84.28858948,2
0.0,False,1.0,0.0,84.28858948,2
0.0,False,1.0,0.0,83.60832977,2
0.0,False,1.0,0.0,83.60832977,2
0.0,False,1.0,0.0,56.92630768,2
0.0,False,1.0,0.0,56.92630768,2
0.0,False,1.0,0.0,81.47748566,2
0.0,False,1.0,0.0,81.47748566,2
0.0,False,1.0,0.0,80.80730438,2
0.0,False,1.0,0.0,80.80730438,2
0.0,False,1.0,0.0,79.54309845,2
0.0,False,1.0,0.0,79.54309845,2
0.0,False,1.0,0.0,76.29356384,2
0.0,False,1.0,0.0,76.29356384,2
0.0,False,1.0,0.0,78.47922516,2
0.0,False,1.0,0.0,78.47922516,2
0.0,False,1.0,0.0,75.56234741,2
0.0,False,1.0,0.0,75.56234741,2
0.0,False,1.0,0.0,68.39487457,2
0.0,False,1.0,0.0,68.39487457,2
0.0,False,1.0,0.0,76.33314514,2
0.0,False,1.0,0.0,76.33314514,2
0.0,False,1.0,0.0,45.11968994,2
0.0,False,1.0,0.0,45.11968994,2
0.0,False,1.0,0.0,73.9899292,2
0.0,False,1.0,0.0,73.9899292,2
0.0,False,1.0,0.0,72.69216919,2
0.0,False,1.0,0.0,72.69216919,2
0.0,False,1.0,0.0,72.5743103,2
0.0,False,1.0,0.0,72.5743103,2
0.0,False,1.0,0.0,71.61828613,2
0.0,False,1.0,0.0,71.61828613,2
0.0,False,1.0,0.0,70.87339783,2
0.0,False,1.0,0.0,70.87339783,2
0.0,False,1.0,0.0,70.10739899,2
0.0,False,1.0,0.0,70.10739899,2
0.0,False,1.0,0.0,69.32740021,2
0.0,False,1.0,0.0,69.32740021,2
0.0,False,1.0,0.0,68.70372772,2
0.0,False,0.0,0.0,68.70372772,2
0.0,False,0.0,0.0,66.15218353,2
0.0,False,0.0,0.0,66.15218353,2
0.0,False,0.0,0.0,17.57896042,2
0.0,False,0.0,0.0,17.57896042,2
0.0,False,0.0,0.0,68.98730469,2
0.0,False,0.0,0.0,68.98730469,2
0.0,False,0.0,0.0,31.7663517,2
0.200000003,False,0.0,0.0,31.7663517,2
0.400000006,False,0.0,0.0,67.29922485,2
0.600000024,False,0.0,0.0,67.29922485,2
0.800000012,False,0.0,0.0,15.19241524,1
1.0,False,0.0,0.0,15.19241524,1
1.0,False,0.0,0.0,29.90406609,2
1.0,False,0.0,0.0,29.90406609,2
1.0,False,0.0,0.0,64.13897705,2
1.0,False,0.0,0.0,64.13897705,2
1.0,False,0.0,0.0,63.37585831,2
1.0,False,0.0,0.0,63.37585831,2
1.0,False,0.0,0.0,64.01215363,2
1.0,False,0.0,0.0,64.01215363,2
1.0,False,0.0,0.0,61.7218399,2
1.0,False,0.0,0.0,61.7218399,2
1.0,False,0.0,0.0,12.0534296,1
0.0,False,0.0,0.0,12.0534296,1
0.0,False,0.0,0.0,11.73081398,1
0.0,False,0.0,0.0,11.73081398,1
0.0,False,0.0,0.0,58.96028519,2
0.0,False,0.0,0.0,58.96028519,2
0.0,False,0.0,0.0,54.36253357,2
0.0,False,0.0,0.0,54.36253357,2
0.200000003,False,0.0,0.0,26.29127693,2
0.400000006,False,0.0,0.0,26.29127693,2
0.600000024,False,0.0,0.0,57.99201965,2
0.800000012,False,0.0,0.0,57.99201965,2
1.0,False,0.0,0.0,25.71731377,2
1.0,False,0.0,0.0,25.71731377,2
1.0,False,0.0,0.0,52.50646973,2
0.0,False,0.0,0.0,52.50646973,2
0.0,False,0.0,0.0,10.1052227,1
0.0,False,0.0,0.0,10.1052227,1
0.0,False,0.01,0.0,10.1052227,1
0.0,False,0.02,0.0,10.1052227,1
0.0,False,0.029999999,0.0,28.26229668,2
0.0,False,0.039999999,0.0,28.26229668,2
0.0,False,0.050000001,0.0,53.3402977,2
0.0,False,0.060000002,0.0,53.3402977,2
0.0,False,0.07,0.0,28.45616722,2
0.0,False,0.079999998,0.0,28.45616722,2
0.0,False,0.089999996,0.0,55.01948929,2
0.0,False,0.099999994,0.0,55.01948929,2
0.0,False,0.109999992,0.0,24.02024651,2
0.0,False,0.11999999,0.0,24.02024651,2
0.0,False,0.129999995,0.0,55.78910065,2
0.0,False,0.140000001,0.0,55.78910065,2
0.0,False,0.150000006,0.0,55.37806702,2
0.0,False,0.160000011,0.0,55.37806702,2
0.0,False,0.170000017,0.0,8.422422409,1
0.0,False,0.180000022,0.0,8.422422409,1
0.0,False,0.190000027,0.0,84.17858887,2
0.0,False,0.200000033,0.0,84.17858887,2
0.0,False,0.210000038,0.0,23.61188126,2
0.0,False,0.220000044,0.0,23.61188126,2
0.0,False,0.230000049,0.0,23.55805397,2
0.0,False,0.240000054,0.0,23.55805397,2
0.0,False,0.25000006,0.0,23.5149498,2
0.0,False,0.26000005,0.0,23.5149498,2
0.0,False,0.270000041,0.0,23.47635269,2
0.0,False,0.280000031,0.0,23.47635269,2
0.0,False,0.290000021,0.0,24.3288002,2
0.0,False,0.300000012,0.0,24.3288002,2
0.0,False,0.310000002,0.0,8.220578194,1
0.0,False,0.319999993,0.0,8.220578194,1
0.0,False,0.329999983,0.0,8.209524155,1
0.0,False,0.339999974,0.0,8.209524155,1
0.0,False,0.349999964,0.0,8.270817757,1
0.0,False,0.359999955,0.0,8.270817757,1
0.0,False,0.369999945,0.0,8.215240479,1
0.0,False,0.379999936,0.0,8.215240479,1
0.0,False,0.389999926,0.0,72.79508972,2
0.0,False,0.399999917,0.0,72.79508972,2
0.0,False,0.409999907,0.0,8.637745857,1
0.0,False,0.419999897,0.0,8.637745857,1
0.0,False,0.429999888,0.0,92.83054352,2
0.0,False,0.439999878,0.0,92.83054352,2
0.0,False,0.449999869,0.0,23.23208046,2
0.0,False,0.459999859,0.0,23.23208046,2
0.0,False,0.46999985,0.0,36.47341537,2
0.0,False,0.47999984,0.0,36.47341537,2
0.0,False,0.489999831,0.0,8.229860306,1
0.0,False,0.499999821,0.0,8.229860306,1
0.0,False,0.509999812,0.0,84.02964783,2
0.0,False,0.519999802,0.0,84.02964783,2
0.0,False,0.529999793,0.0,53.07581329,2
0.0,False,0.539999783,0.0,53.07581329,2
0.0,False,0.549999774,0.0,37.04185104,2
0.0,False,0.559999764,0.0,37.04185104,2
0.0,False,0.569999754,0.0,24.3090229,2
0.0,False,0.579999745,0.0,24.3090229,2
0.0,False,0.589999735,0.0,24.3090229,2
0.0,False,0.599999726,0.0,24.3090229,2
0.0,False,0.609999716,0.0,23.24271584,2
0.0,False,0.619999707,0.0,23.24271584,2
0.0,False,0.629999697,0.0,23.0000267,2
0.0,False,0.639999688,0.0,23.0000267,2
0.0,False,0.649999678,0.0,24.2952404,2
0.0,False,0.659999669,0.0,24.2952404,2
0.0,False,0.669999659,0.0,23.17059326,2
0.0,False,0.67999965,0.0,23.17059326,2
0.0,False,0.68999964,0.0,50.15093231,2
0.0,False,0.69999963,0.0,50.15093231,2
0.0,False,0.709999621,0.0,8.38906765,1
0.0,False,0.719999611,0.0,8.38906765,1
0.0,False,0.729999602,0.0,22.85503578,2
0.0,False,0.739999592,0.0,22.85503578,2
0.0,False,0.749999583,0.0,50.17007065,2
0.0,False,0.759999573,0.0,50.17007065,2
0.0,False,0.769999564,0.0,81.25753784,2
0.0,False,0.779999554,0.0,81.25753784,2
0.0,False,0.789999545,0.0,31.1318264,2
0.0,False,0.799999535,0.0,31.1318264,2
0.0,False,0.809999526,0.0,7.952524185,1
0.0,False,0.819999516,0.0,7.952524185,1
0.0,False,0.829999506,0.0,7.831801414,1
0.0,False,0.839999497,0.0,7.831801414,1
0.0,False,0.849999487,0.0,55.91985321,2
0.0,False,0.859999478,0.0,55.91985321,2
0.0,False,0.869999468,0.0,7.767838001,1
0.0,False,0.879999459,0.0,7.767838001,1
0.0,False,0.889999449,0.0,64.66387177,2
0.0,False,0.89999944,0.0,64.66387177,2
0.0,False,0.90999943,0.0,7.556310654,1
0.0,False,0.919999421,0.0,7.556310654,1
0.0,False,0.929999411,0.0,29.7479248,2
0.0,False,0.939999402,0.0,29.7479248,2
0.0,False,0.949999392,0.0,7.359147072,1
0.0,False,0.959999382,0.0,7.359147072,1
0.0,False,0.969999373,0.0,7.507442951,1
0.0,False,0.979999363,0.0,7.507442951,1
0.0,False,0.989999354,0.0,7.507442951,1
0.0,False,0.999999344,0.0,7.507442951,1
0.0,False,1.0,0.0,7.504580021,1
0.0,False,1.0,0.0,7.504580021,1
0.0,False,1.0,0.0,6.746048927,1
0.0,False,1.0,0.0,6.746048927,1
0.0,False,1.0,0.0,20.9625206,2
0.0,False,1.0,0.0,20.9625206,2
0.0,False,1.0,0.0,20.53322983,2
0.0,False,1.0,0.0,20.53322983,2
0.0,False,1.0,0.0,20.17443848,2
0.0,False,1.0,0.0,20.17443848,2
0.0,False,1.0,0.0,5.713404179,1
0.0,False,1.0,0.0,5.713404179,1
0.0,False,1.0,0.0,5.465541363,1
0.0,False,1.0,0.0,5.465541363,1
0.0,False,1.0,0.0,5.172139168,1
0.0,False,1.0,0.0,5.172139168,1
0.0,False,1.0,0.0,4.79233551,1
0.0,False,1.0,0.0,4.79233551,1
0.0,False,1.0,0.0,4.568846226,1
0.0,False,1.0,0.0,4.568846226,1
0.0,False,1.0,0.0,20.79287529,2
0.0,False,0.0,0.0,20.79287529,2
0.0,False,0.0,0.0,71.43919373,2
0.0,False,0.0,0.0,71.43919373,2
0.0,False,0.0,0.0,71.91622162,2
0.200000003,False,0.0,0.0,71.91622162,2
0.400000006,False,0.0,0.0,71.91622162,2
0.600000024,False,0.0,0.0,71.91622162,2
0.800000012,False,0.0,0.0,18.060709,2
1.0,False,0.0,0.0,18.060709,2
1.0,False,0.0,0.0,2.683540821,1
1.0,False,0.0,0.0,2.683540821,1
1.0,False,0.0,0.0,2.355464935,1
1.0,False,0.0,0.0,2.355464935,1
1.0,False,0.0,0.0,2.196802855,1
1.0,False,0.0,0.0,2.196802855,1
1.0,False,0.0,0.0,33.63004684,2
1.0,False,0.0,0.0,33.63004684,2
0.0,False,0.0,0.0,1.718647122,1
0.0,False,0.0,0.0,1.718647122,1
0.0,False,0.0,0.0,32.92866898,2
0.0,False,0.0,0.0,32.92866898,2
0.0,False,0.01,0.0,1.713017225,1
0.0,False,0.02,0.0,1.713017225,1
0.0,False,0.029999999,0.0,15.65411854,1
0.0,False,0.039999999,0.0,15.65411854,1
0.0,False,0.050000001,0.0,1.449212432,1
0.0,False,0.060000002,0.0,1.449212432,1
0.0,False,0.07,0.0,1.493360758,1
0.0,False,0.079999998,0.0,1.493360758,1
0.0,False,0.089999996,0.0,1.52740562,1
0.0,False,0.099999994,0.0,1.52740562,1
0.0,False,0.109999992,0.0,15.67634487,1
0.0,False,0.11999999,0.0,15.67634487,1
0.0,False,0.129999995,0.0,1.320723295,1
0.0,False,0.140000001,0.0,1.320723295,1
0.0,False,0.150000006,0.0,1.320723295,1
0.0,False,0.160000011,0.0,1.320723295,1
0.0,False,0.170000017,0.0,1.253621221,1
0.0,False,0.180000022,0.0,1.253621221,1
0.0,False,0.190000027,-0.100000001,1.252665877,0
0.0,False,0.200000033,-0.100000001,1.252665877,0
0.0,False,0.210000038,-0.100000001,1.24849236,0
0.0,False,0.220000044,-0.100000001,1.24849236,0
0.0,False,0.230000049,-0.100000001,1.213442922,0
0.0,False,0.240000054,-0.100000001,1.213442922,0
0.0,False,0.25000006,-0.200000003,1.289089322,0
0.0,False,0.26000005,-0.200000003,1.289089322,0
0.0,False,0.270000041,-0.200000003,1.288576961,0
0.0,False,0.280000031,-0.200000003,1.288576961,0
0.0,False,0.290000021,-0.200000003,1.208742023,0
0.0,False,0.300000012,-0.200000003,1.208742023,0
0.0,False,0.310000002,-0.300000012,15.24873257,0
0.0,False,0.319999993,-0.300000012,15.24873257,0
0.0,False,0.329999983,-0.300000012,44.5638237,2
0.0,False,0.339999974,-0.300000012,44.5638237,2
0.0,False,0.349999964,-0.300000012,1.193577886,0
0.0,False,0.359999955,-0.400000006,1.193577886,0
0.0,False,0.369999945,-0.400000006,1.1321702,0
0.0,False,0.379999936,-0.400000006,1.1321702,0
0.0,False,0.389999926,-0.400000006,15.14460087,0
0.0,False,0.399999917,-0.400000006,15.14460087,0
0.0,False,0.409999907,0.0,15.11059189,1
0.0,False,0.419999897,0.0,15.11059189,1
0.0,False,0.429999888,0.0,1.0495646,1
0.0,False,0.439999878,0.0,1.0495646,1
0.0,False,0.449999869,0.0,1.135241866,1
0.0,False,0.459999859,0.0,1.135241866,1
0.0,False,0.46999985,0.0,1.042565346,1
0.0,False,0.47999984,0.0,1.042565346,1
0.0,False,0.489999831,0.0,1.094992161,1
0.0,False,0.499999821,0.0,1.094992161,1
0.0,False,0.509999812,0.0,0.984456897,1
0.0,False,0.519999802,0.0,0.984456897,1
0.0,False,0.529999793,0.0,0.999245405,1
0.0,False,0.539999783,0.0,0.999245405,1
0.0,False,0.549999774,0.0,0.976608813,1
0.0,False,0.559999764,0.0,0.976608813,1
0.0,False,0.569999754,0.0,1.00899291,1
0.0,False,0.579999745,0.0,1.00899291,1
0.0,False,0.589999735,0.0,0.946755648,1
0.0,False,0.599999726,0.0,0.946755648,1
0.0,False,0.609999716,0.0,0.935250282,1
0.0,False,0.619999707,0.0,0.935250282,1
0.0,False,0.629999697,0.0,0.909769714,1
0.0,False,0.639999688,0.0,0.909769714,1
0.0,False,0.649999678,0.0,0.892371416,1
0.0,False,0.659999669,0.0,0.892371416,1
0.0,False,0.669999659,0.0,0.892371416,1
0.0,False,0.67999965,0.0,0.892371416,1
0.0,False,0.68999964,0.0,0.848921895,1
0.0,False,0.69999963,0.0,0.848921895,1
0.0,False,0.709999621,0.0,0.846731782,1
0.0,False,0.719999611,0.0,0.846731782,1
0.0,False,0.729999602,0.0,0.801912904,1
0.0,False,0.739999592,0.0,0.801912904,1
0.0,False,0.749999583,0.0,0.819785058,1
0.0,False,0.759999573,0.0,0.819785058,1
0.0,False,0.769999564,0.0,0.696572542,1
0.0,False,0.779999554,0.0,0.696572542,1
0.0,False,0.789999545,0.0,0.638917625,1
0.0,False,0.799999535,0.0,0.638917625,1
0.0,False,0.809999526,0.0,0.568826675,1
0.0,False,0.819999516,0.0,0.568826675,1
0.0,False,0.829999506,0.0,0.49690637,1
0.0,False,0.839999497,0.0,0.49690637,1
0.0,False,0.849999487,0.0,0.423220366,1
0.0,False,0.859999478,0.0,0.423220366,1
0.0,False,0.869999468,0.0,0.314295828,1
0.0,False,0.879999459,0.0,0.314295828,1
0.0,False,0.889999449,0.0,0.189128399,1
0.0,False,0.89999944,0.0,0.189128399,1
0.0,False,0.90999943,0.0,0.068027616,1
0.0,False,0.919999421,0.0,0.068027616,1
0.0,False,0.929999411,0.0,99.11961365,2
0.0,False,0.939999402,0.0,99.11961365,2
0.0,False,0.949999392,0.0,33.30728531,2
0.0,False,0.959999382,0.0,33.30728531,2
0.0,False,0.969999373,0.0,2.169022799,1
0.0,False,0.979999363,0.0,2.169022799,1
0.0,False,0.989999354,0.0,49.72625351,2
0.0,False,0.999999344,0.0,49.72625351,2
0.0,False,1.0,0.0,14.3807745,1
0.0,False,1.0,0.0,14.3807745,1
0.0,False,1.0,0.0,90.82537079,2
0.0,False,1.0,0.0,90.82537079,2
0.0,False,1.0,0.0,17.14766312,2
0.0,False,1.0,0.0,17.14766312,2
0.0,False,1.0,0.0,48.27620316,2
0.0,False,1.0,0.0,48.27620316,2
0.0,False,1.0,0.0,16.91288185,1
0.0,False,1.0,0.0,16.91288185,1
0.0,False,1.0,0.0,12.2562685,1
0.0,False,1.0,0.0,12.2562685,1
0.0,False,1.0,0.0,16.73304558,1
0.0,False,1.0,0.0,16.73304558,1
0.0,False,1.0,0.0,20.07675743,2
0.0,False,1.0,0.0,20.07675743,2
0.0,False,1.0,0.0,45.16846466,2
0.0,False,1.0,0.0,45.16846466,2
0.0,False,1.0,0.0,99.16243744,2
0.0,False,1.0,0.0,99.16243744,2
0.0,False,1.0,0.0,11.79693413,1
0.0,False,1.0,0.0,11.79693413,1
0.0,False,1.0,0.0,11.71582031,1
0.0,False,1.0,0.0,11.71582031,1
0.0,False,1.0,0.0,11.61078739,1
0.0,False,1.0,0.0,11.61078739,1
0.0,False,1.0,0.0,2.153846979,1
0.0,False,1.0,0.0,2.153846979,1
0.0,False,1.0,0.0,16.1207428,1
0.0,False,1.0,0.0,16.1207428,1
0.0,False,1.0,0.0,11.352108,1
0.0,False,1.0,0.0,11.352108,1
0.0,False,1.0,0.0,2.133603334,1
0.0,False,1.0,0.0,2.133603334,1
0.0,False,1.0,0.0,97.27000427,2
0.0,False,1.0,0.0,97.27000427,2
0.0,False,1.0,0.0,11.08736897,1
0.0,False,1.0,0.0,11.08736897,1
0.0,False,1.0,0.0,29.19311523,2
0.0,False,1.0,0.0,29.19311523,2
0.0,False,1.0,0.0,95.52080536,2
0.0,False,1.0,0.0,95.52080536,2
0.0,False,1.0,0.0,82.70507813,2
0.0,False,1.0,0.0,82.70507813,2
0.0,False,1.0,0.0,10.85737038,1
0.0,False,1.0,0.0,10.85737038,1
0.0,False,1.0,0.0,2.153909445,1
0.0,False,1.0,0.0,2.153909445,1
0.0,False,1.0,0.0,2.153798103,1
0.0,False,1.0,0.0,2.153798103,1
0.0,False,1.0,0.0,89.52910614,2
0.0,False,1.0,0.0,89.52910614,2
0.0,False,1.0,0.0,95.21648407,2
0.0,False,1.0,0.0,95.21648407,2
0.0,False,1.0,0.0,10.94735527,1
0.0,False,1.0,0.0,10.94735527,1
0.0,False,1.0,0.0,10.96407127,1
0.0,False,1.0,0.0,10.96407127,1
0.0,False,1.0,0.0,10.97830009,1
0.0,False,1.0,0.0,10.97830009,1
0.0,False,1.0,0.0,87.19563293,2
0.0,False,1.0,0.0,87.19563293,2
0.0,False,1.0,0.0,86.69975281,2
0.0,False,1.0,0.0,86.69975281,2
0.0,False,1.0,0.0,86.29455566,2
0.0,False,1.0,0.0,86.29455566,2
0.0,False,1.0,0.0,2.134061575,1
0.0,False,1.0,0.0,2.134061575,1
0.0,False,1.0,0.0,16.83611107,1
0.0,False,1.0,0.0,16.83611107,1
0.0,False,1.0,0.0,10.98557854,1
0.0,False,1.0,0.0,10.98557854,1
0.0,False,1.0,0.0,2.133875608,1
0.0,False,1.0,0.0,2.133875608,1
0.0,False,1.0,0.0,84.21504974,2
0.0,False,1.0,0.0,84.21504974,2
0.0,False,1.0,0.0,10.98976803,1
0.0,False,1.0,0.0,10.98976803,1
0.0,False,1.0,0.0,13.78935528,1
0.0,False,1.0,0.0,13.78935528,1
0.0,False,1.0,0.0,73.8045578,2
0.0,False,1.0,0.0,73.8045578,2
0.0,False,1.0,0.0,82.11566925,2
0.0,False,1.0,0.0,82.11566925,2
0.0,False,1.0,0.0,79.09749603,2
0.0,False,1.0,0.0,79.09749603,2
0.0,False,1.0,0.0,10.98017311,1
0.0,False,1.0,0.0,10.98017311,1
0.0,False,1.0,0.0,72.80039978,2
0.0,False,1.0,0.0,72.80039978,2
0.0,False,1.0,0.0,2.13427186,1
0.0,False,1.0,0.0,2.13427186,1
0.0,False,1.0,0.0,29.84679413,2
0.0,False,1.0,0.0,29.84679413,2
0.0,False,1.0,0.0,79.66996765,2
0.0,False,1.0,0.0,79.66996765,2
0.0,False,0.0,0.0,10.95063305,1
0.0,False,0.0,0.0,10.95063305,1
0.0,False,0.0,0.0,10.95063305,1
0.0,False,0.0,0.0,10.95063305,1
0.200000003,False,0.0,0.0,2.134383202,1
0.400000006,False,0.0,0.0,2.134383202,1
0.600000024,False,0.0,0.0,81.96955872,2
0.800000012,False,0.0,0.0,81.96955872,2
1.0,False,0.0,0.0,77.49973297,2
1.0,False,0.0,0.0,77.49973297,2
1.0,False,0.0,0.0,75.36705017,2
1.0,False,0.0,0.0,75.36705017,2
1.0,False,0.0,0.0,2.200817108,1
1.0,False,0.0,0.0,2.200817108,1
0.0,False,0.0,0.0,12.60870457,1
0.0,False,0.0,0.0,12.60870457,1
0.0,False,0.0,0.0,0.085236818,1
0.0,False,0.0,0.0,0.085236818,1
0.0,False,0.0,0.0,0.309527487,1
0.0,False,0.0,0.0,0.309527487,1
0.0,False,0.0,0.0,0.545525134,1
0.0,False,0.01,0.0,0.545525134,1
0.0,False,0.02,0.0,0.731829464,1
0.0,False,0.029999999,0.0,0.731829464,1
0.0,False,0.039999999,0.0,1.015176773,1
0.0,False,0.050000001,0.0,1.015176773,1
0.0,False,0.060000002,0.0,1.229919076,1
0.0,False,0.07,-0.100000001,1.229919076,0
0.0,False,0.079999998,-0.100000001,1.514094234,0
0.0,False,0.089999996,-0.100000001,1.514094234,0
0.0,False,0.099999994,-0.100000001,10.8676157,0
0.0,False,0.109999992,-0.100000001,10.8676157,0
0.0,False,0.11999999,-0.100000001,10.8676157,0
0.0,False,0.129999995,-0.200000003,10.8676157,0
0.0,False,0.140000001,-0.200000003,77.94813538,2
0.0,False,0.150000006,-0.200000003,77.94813538,2
0.0,False,0.160000011,-0.200000003,2.299102545,0
0.0,False,0.170000017,-0.200000003,2.299102545,0
0.0,False,0.180000022,-0.200000003,2.691418409,0
0.0,False,0.190000027,-0.300000012,2.691418409,0
0.0,False,0.200000033,-0.300000012,2.882936716,0
0.0,False,0.210000038,-0.300000012,2.882936716,0
0.0,False,0.220000044,-0.300000012,10.32421875,0
0.0,False,0.230000049,-0.300000012,10.32421875,0
0.0,False,0.240000054,-0.400000006,74.52523041,2
0.0,False,0.25000006,-0.400000006,74.52523041,2
0.0,False,0.26000005,-0.400000006,15.84148502,0
0.0,False,0.270000041,-0.400000006,15.84148502,0
0.0,False,0.280000031,-0.400000006,80.91777039,2
0.0,False,0.290000021,0.0,80.91777039,2
0.0,False,0.300000012,0.0,11.15912914,1
0.0,False,0.310000002,0.0,11.15912914,1
0.0,False,0.319999993,0.0,12.09791374,1
0.0,False,0.329999983,0.0,12.09791374,1
0.0,False,0.339999974,0.0,80.85068512,2
0.0,False,0.349999964,0.0,80.85068512,2
0.0,False,0.359999955,0.0,64.78948975,2
0.0,False,0.369999945,0.100000001,64.78948975,2
0.0,False,0.379999936,0.100000001,74.2417984,2
0.0,False,0.389999926,0.100000001,74.2417984,2
0.0,False,0.399999917,0.100000001,80.13354492,2
0.0,False,0.409999907,0.100000001,80.13354492,2
0.0,False,0.419999897,0.100000001,22.9562149,2
0.0,False,0.429999888,0.100000001,22.9562149,2
0.0,False,0.439999878,0.200000003,22.9562149,2
0.0,False,0.449999869,0.200000003,22.9562149,2
0.0,False,0.459999859,0.200000003,23.89311218,2
0.0,False,0.46999985,0.0,23.89311218,2
0.0,False,0.47999984,0.0,12.48015118,1
0.0,False,0.489999831,0.0,12.48015118,1
0.0,False,0.499999821,0.0,12.84606457,1
0.0,False,0.509999812,0.0,12.84606457,1
0.0,False,0.519999802,0.0,12.81897926,1
0.0,False,0.529999793,0.0,12.81897926,1
0.0,False,0.539999783,0.0,13.09710312,1
0.0,False,0.549999774,0.0,13.09710312,1
0.0,False,0.559999764,-0.100000001,7.05086422,0
0.0,False,0.569999754,-0.100000001,7.05086422,0
0.0,False,0.579999745,-0.100000001,21.42764854,2
0.0,False,0.589999735,-0.100000001,21.42764854,2
0.0,False,0.599999726,-0.100000001,13.80856705,0
0.0,False,0.609999716,-0.100000001,13.80856705,0
0.0,False,0.619999707,-0.200000003,80.6000061,2
0.0,False,0.629999697,-0.200000003,80.6000061,2
0.0,False,0.639999688,-0.200000003,92.34289551,2
0.0,False,0.649999678,-0.200000003,92.34289551,2
0.0,False,0.659999669,-0.200000003,72.462883,2
0.0,False,0.669999659,-0.200000003,72.462883,2
0.0,False,0.67999965,-0.300000012,15.74549484,0
0.0,False,0.68999964,-0.300000012,15.74549484,0
0.0,False,0.69999963,-0.300000012,14.0099144,0
0.0,False,0.709999621,-0.300000012,14.0099144,0
0.0,False,0.719999611,-0.300000012,15.12106037,0
0.0,False,0.729999602,-0.400000006,15.12106037,0
0.0,False,0.739999592,-0.400000006,68.74099731,2
0.0,False,0.749999583,-0.400000006,68.74099731,2
0.0,False,0.759999573,-0.400000006,14.67155647,0
0.0,False,0.769999564,-0.400000006,14.67155647,0
0.0,False,0.779999554,0.0,70.6860733,2
0.0,False,0.789999545,0.0,70.6860733,2
0.0,False,0.799999535,0.0,16.22717285,1
0.0,False,0.809999526,0.0,16.22717285,1
0.0,False,0.819999516,0.0,75.19304657,2
0.0,False,0.829999506,0.0,75.19304657,2
0.0,False,0.839999497,0.0,79.67360687,2
0.0,False,0.849999487,0.0,79.67360687,2
0.0,False,0.859999478,0.0,20.6832962,2
0.0,False,0.869999468,0.0,20.6832962,2
0.0,False,0.879999459,0.0,67.84700012,2
0.0,False,0.889999449,0.0,67.84700012,2
0.0,False,0.89999944,0.0,15.60817242,1
0.0,False,0.90999943,0.0,15.60817242,1
0.0,False,0.919999421,0.0,69.0802002,2
0.0,False,0.929999411,0.0,69.0802002,2
0.0,False,0.939999402,0.0,14.96759033,1
0.0,False,0.949999392,0.100000001,14.96759033,1
0.0,False,0.959999382,0.100000001,70.26502991,2
0.0,False,0.969999373,0.100000001,70.26502991,2
0.0,False,0.979999363,0.100000001,74.70614624,2
0.0,False,0.989999354,0.0,74.70614624,2
0.0,False,0.999999344,0.0,9.258955956,1
0.0,False,1.0,0.0,9.258955956,1
0.0,False,1.0,0.0,20.07662773,2
0.0,False,1.0,0.0,20.07662773,2
0.0,False,1.0,0.0,65.62836456,2
0.0,False,1.0,0.0,65.62836456,2
0.0,False,1.0,0.0,63.508564,2
0.0,False,1.0,0.0,63.508564,2
0.0,False,1.0,0.0,13.32252026,1
0.0,False,1.0,0.0,13.32252026,1
0.0,False,1.0,0.0,62.69137955,2
0.0,False,1.0,0.0,62.69137955,2
0.0,False,1.0,0.0,18.675457,2
0.0,False,1.0,0.0,18.675457,2
0.0,False,1.0,0.0,62.15163422,2
0.0,False,1.0,0.0,62.15163422,2
0.0,False,1.0,0.0,12.34185123,1
0.0,False,1.0,0.0,12.34185123,1
0.0,False,1.0,0.0,6.082331181,1
0.0,False,1.0,0.0,6.082331181,1
0.0,False,1.0,0.0,11.82375908,1
0.0,False,1.0,0.0,11.82375908,1
0.0,False,1.0,0.0,17.18307495,2
0.0,False,1.0,0.0,17.18307495,2
0.0,False,1.0,0.0,12.5431366,1
0.0,False,1.0,0.0,12.5431366,1
0.0,False,1.0,0.0,10.53207874,1
0.0,False,1.0,0.0,10.53207874,1
0.0,False,1.0,0.0,11.73933887,1
0.0,False,1.0,0.0,11.73933887,1
0.0,False,1.0,0.0,9.794132233,1
0.0,False,1.0,0.0,9.794132233,1
0.0,False,1.0,0.0,44.25519562,2
0.0,False,1.0,-0.100000001,44.25519562,2
0.0,False,1.0,-0.100000001,8.632352829,0
0.0,False,1.0,-0.100000001,8.632352829,0
0.0,False,1.0,-0.100000001,8.006703377,0
0.0,False,1.0,0.0,8.006703377,1
0.0,False,1.0,0.0,7.682579041,1
0.0,False,0.0,0.0,7.682579041,1
0.0,False,0.0,0.0,98.82475281,2
0.0,False,0.0,0.0,98.82475281,2
0.0,False,0.0,0.100000001,5.6946702,1
0.0,False,0.0,0.100000001,5.6946702,1
0.0,False,0.0,0.100000001,5.095446587,1
0.0,False,0.0,0.100000001,5.095446587,1
0.0,False,0.0,0.100000001,4.347637177,1
0.0,False,0.0,0.200000003,4.347637177,1
0.0,False,0.0,0.200000003,3.424822807,1
0.0,True,0.0,0.200000003,3.424822807,1
0.0,True,0.0,0.200000003,2.841120243,1
0.0,True,0.0,0.200000003,2.841120243,1
0.0,True,0.0,0.300000012,3.357387543,1
0.0,True,0.0,0.300000012,3.357387543,1
0.0,True,0.0,0.300000012,49.26783752,2
0.0,True,0.0,0.300000012,49.26783752,2
0.0,True,0.0,0.300000012,3.390762568,1
0.0,True,0.0,0.400000006,3.390762568,1
0.0,True,0.0,0.400000006,91.77524567,2
0.0,True,0.0,0.400000006,91.77524567,2
0.0,True,0.01,0.400000006,99.3537674,2
0.0,True,0.02,0.400000006,99.3537674,2
0.0,True,0.029999999,0.5,40.08112335,2
0.0,False,0.039999999,0.5,40.08112335,2
0.0,False,0.050000001,0.5,31.35289955,2
0.0,False,0.060000002,0.5,31.35289955,2
0.0,False,0.07,0.5,36.43809891,2
0.0,False,0.079999998,0.0,36.43809891,2
0.0,False,0.089999996,0.0,60.22574234,2
0.0,False,0.099999994,0.0,60.22574234,2
0.0,False,0.109999992,0.0,46.91396332,2
0.0,False,0.11999999,0.0,46.91396332,2
0.0,False,0.129999995,0.0,81.18154144,2
0.0,False,0.140000001,0.0,81.18154144,2
0.0,False,0.150000006,0.0,80.40528107,2
0.0,False,0.160000011,0.100000001,80.40528107,2
0.0,False,0.170000017,0.100000001,65.1087265,2
0.0,False,0.180000022,0.100000001,65.1087265,2
0.0,False,0.190000027,0.100000001,50.50080109,2
0.0,False,0.200000033,0.100000001,50.50080109,2
0.0,False,0.210000038,0.200000003,42.75305176,2
0.0,False,0.220000044,0.200000003,42.75305176,2
0.0,False,0.230000049,0.200000003,60.56373978,2
0.0,False,0.240000054,0.200000003,60.56373978,2
0.0,False,0.25000006,0.200000003,59.1026268,2
0.0,False,0.26000005,0.200000003,59.1026268,2
0.0,False,0.270000041,0.300000012,81.37654877,2
0.0,False,0.280000031,0.300000012,81.37654877,2
0.0,False,0.290000021,0.300000012,67.40314484,2
0.0,False,0.300000012,0.300000012,67.40314484,2
0.0,False,0.310000002,0.400000006,48.77952957,2
0.0,False,0.319999993,0.400000006,48.77952957,2
0.0,False,0.329999983,0.400000006,41.85002518,2
0.0,False,0.339999974,0.400000006,41.85002518,2
0.0,False,0.349999964,0.400000006,82.74442291,2
0.0,False,0.359999955,0.5,82.74442291,2
0.0,False,0.369999945,0.5,30.77935028,2
0.0,False,0.379999936,0.5,30.77935028,2
0.0,False,0.389999926,0.5,98.25449371,2
0.0,False,0.399999917,0.5,98.25449371,2
0.0,False,0.409999907,0.600000024,4.816184044,1
0.0,False,0.419999897,0.0,4.816184044,1
0.0,False,0.429999888,0.0,4.498193264,1
0.0,False,0.439999878,0.0,4.498193264,1
0.0,False,0.449999869,0.0,4.195815563,1
0.0,False,0.459999859,0.0,4.195815563,1
0.0,False,0.46999985,0.0,3.954685688,1
0.0,False,0.47999984,0.0,3.954685688,1
0.0,False,0.489999831,-0.100000001,3.562546968,0
0.0,False,0.499999821,-0.100000001,3.562546968,0
0.0,False,0.509999812,-0.100000001,3.433303833,0
0.0,False,0.519999802,-0.100000001,3.433303833,0
0.0,False,0.529999793,-0.100000001,3.064445972,0
0.0,False,0.539999783,-0.200000003,3.064445972,0
0.0,False,0.549999774,-0.200000003,2.753457546,0
0.0,False,0.559999764,-0.200000003,2.753457546,0
0.0,False,0.569999754,-0.200000003,79.72589874,2
0.0,False,0.579999745,-0.200000003,79.72589874,2
0.0,False,0.589999735,0.0,2.141101122,1
0.0,False,0.599999726,0.0,2.141101122,1
0.0,False,0.609999716,0.0,1.903393507,1
0.0,False,0.619999707,0.0,1.903393507,1
0.0,False,0.629999697,0.0,63.75172043,2
0.0,False,0.639999688,0.0,63.75172043,2
0.0,False,0.649999678,-0.100000001,9.563844681,0
0.0,False,0.659999669,-0.100000001,9.563844681,0
0.0,False,0.669999659,-0.100000001,73.11643219,2
0.0,False,0.67999965,-0.100000001,73.11643219,2
0.0,False,0.68999964,-0.100000001,9.025415421,0
0.0,False,0.69999963,-0.200000003,9.025415421,0
0.0,False,0.709999621,-0.200000003,94.55571747,2
0.0,False,0.719999611,-0.200000003,94.55571747,2
0.0,False,0.729999602,-0.200000003,7.055718899,0
0.0,False,0.739999592,-0.300000012,7.055718899,0
0.0,False,0.749999583,-0.300000012,6.739228249,0
0.0,False,0.759999573,-0.300000012,6.739228249,0
0.0,False,0.769999564,0.0,6.369315624,1
0.0,False,0.779999554,0.0,6.369315624,1
0.0,False,0.789999545,0.0,5.840228558,1
0.0,False,0.799999535,0.0,5.840228558,1
0.0,False,0.809999526,0.0,93.9438858,2
0.0,False,0.819999516,0.0,93.9438858,2
0.0,False,0.829999506,0.0,74.66651917,2
0.0,False,0.839999497,0.0,74.66651917,2
0.0,False,0.849999487,0.0,4.165131569,1
0.0,False,0.859999478,0.0,4.165131569,1
0.0,False,0.869999468,0.0,97.56026459,2
0.0,False,0.879999459,0.0,97.56026459,2
0.0,False,0.889999449,0.0,97.03079224,2
0.0,False,0.89999944,0.0,97.03079224,2
0.0,False,0.90999943,-0.100000001,81.47094727,2
0.0,False,0.919999421,-0.100000001,81.47094727,2
0.0,False,0.929999411,-0.100000001,42.65276337,2
0.0,False,0.939999402,-0.100000001,42.65276337,2
0.0,False,0.949999392,-0.200000003,53.8617363,2
0.0,False,0.959999382,-0.200000003,53.8617363,2
0.0,False,0.969999373,-0.200000003,99.68125916,2
0.0,False,0.979999363,-0.200000003,99.68125916,2
0.0,False,0.989999354,0.0,93.02306366,2
0.0,False,0.999999344,0.0,93.02306366,2
0.0,False,1.0,0.0,84.13537598,2
0.0,False,1.0,0.100000001,84.13537598,2
0.0,False,1.0,0.100000001,60.46865463,2
0.0,False,0.0,0.100000001,60.46865463,2
0.0,False,0.0,0.100000001,71.84307861,2
0.0,False,0.0,0.200000003,71.84307861,2
0.0,False,0.0,0.200000003,70.20088959,2
0.0,False,0.0,0.200000003,70.20088959,2
0.0,False,0.0,0.200000003,90.41262817,2
0.0,False,0.0,0.200000003,90.41262817,2
0.0,False,0.0,0.300000012,69.12351227,2
0.0,False,0.0,0.300000012,69.12351227,2
0.0,False,0.0,0.300000012,87.95309448,2
0.0,True,0.0,0.300000012,87.95309448,2
0.0,True,0.0,0.300000012,89.12298584,2
0.0,True,0.0,0.400000006,89.12298584,2
0.0,True,0.0,0.400000006,77.9582901,2
0.0,True,0.0,0.400000006,77.9582901,2
0.0,True,0.0,0.400000006,33.4424057,2
0.0,True,0.0,0.400000006,33.4424057,2
0.0,True,0.0,0.5,95.56442261,2
0.0,True,0.01,0.5,95.56442261,2
0.0,False,0.02,0.5,43.21198273,2
0.0,False,0.029999999,0.5,43.21198273,2
0.0,False,0.039999999,0.600000024,56.78658676,2
0.0,False,0.050000001,0.600000024,56.78658676,2
0.0,False,0.060000002,0.600000024,53.31099319,2
0.0,False,0.07,0.600000024,53.31099319,2
0.0,False,0.079999998,0.600000024,57.20804214,2
0.0,False,0.089999996,0.699999988,57.20804214,2
0.0,False,0.099999994,0.699999988,46.89176178,2
0.0,False,0.109999992,0.699999988,46.89176178,2
0.0,False,0.11999999,0.699999988,35.72141266,2
0.0,False,0.129999995,0.699999988,35.72141266,2
0.0,False,0.140000001,0.699999988,40.191082,2
0.0,False,0.150000006,0.699999988,40.191082,2
0.0,False,0.160000011,0.699999988,45.51976395,2
0.0,False,0.170000017,0.699999988,45.51976395,2
0.0,False,0.180000022,0.699999988,74.51783752,2
0.0,False,0.190000027,0.699999988,74.51783752,2
0.0,False,0.200000033,0.699999988,70.46149445,2
0.0,False,0.210000038,0.699999988,70.46149445,2
0.0,False,0.220000044,0.699999988,69.85521698,2
0.0,False,0.230000049,0.0,69.85521698,2
0.0,False,0.240000054,0.0,39.80429459,2
0.0,False,0.25000006,0.0,39.80429459,2
0.0,False,0.26000005,0.0,87.46687317,2
0.0,False,0.270000041,-0.100000001,87.46687317,2
0.0,False,0.280000031,-0.100000001,93.04098511,2
0.0,False,0.290000021,-0.100000001,93.04098511,2
0.0,False,0.300000012,-0.100000001,86.53115845,2
0.0,False,0.310000002,-0.200000003,86.53115845,2
0.0,False,0.319999993,-0.200000003,43.94766998,2
0.0,False,0.329999983,-0.200000003,43.94766998,2
0.0,False,0.339999974,-0.200000003,81.79510498,2
0.0,False,0.349999964,-0.200000003,81.79510498,2
0.0,False,0.359999955,-0.300000012,81.72115326,2
0.0,False,0.369999945,-0.400000006,81.72115326,2
0.0,False,0.379999936,-0.400000006,51.04362869,2
0.0,False,0.389999926,-0.400000006,51.04362869,2
0.0,False,0.399999917,-0.5,65.9146347,2
0.0,False,0.409999907,0.0,65.9146347,2
0.0,False,0.419999897,0.0,50.58039856,2
0.0,False,0.429999888,0.0,50.58039856,2
0.0,False,0.439999878,0.0,29.76128387,2
0.0,False,0.449999869,0.0,29.76128387,2
0.0,False,0.459999859,0.0,61.43699265,2
0.0,False,0.46999985,0.0,61.43699265,2
0.0,False,0.47999984,0.0,67.34966278,2
0.0,False,0.489999831,0.0,67.34966278,2
0.0,False,0.499999821,0.0,69.15912628,2
0.0,False,0.509999812,0.0,69.15912628,2
0.0,False,0.519999802,0.0,63.99539948,2
0.0,False,0.529999793,0.0,63.99539948,2
0.0,False,0.539999783,0.0,101.2955246,2
0.0,False,0.549999774,0.0,101.2955246,2
0.0,False,0.559999764,0.0,38.66164017,2
0.0,False,0.569999754,0.100000001,38.66164017,2
0.0,False,0.579999745,0.100000001,65.10456085,2
0.0,False,0.589999735,0.0,65.10456085,2
0.0,False,0.599999726,0.0,59.81458282,2
0.0,False,0.609999716,0.0,59.81458282,2
0.0,False,0.619999707,0.0,48.98871613,2
0.0,False,0.629999697,0.0,48.98871613,2
0.0,False,0.639999688,0.0,58.7379837,2
0.0,False,0.649999678,0.0,58.7379837,2
0.0,False,0.659999669,0.0,62.77827835,2
0.0,False,0.669999659,0.0,62.77827835,2
0.0,False,0.67999965,0.0,57.58156204,2
0.0,False,0.68999964,0.0,57.58156204,2
0.0,False,0.69999963,0.0,57.0365181,2
0.0,False,0.709999621,0.100000001,57.0365181,2
0.0,False,0.719999611,0.100000001,62.28931427,2
0.0,False,0.729999602,0.100000001,62.28931427,2
0.0,False,0.739999592,0.100000001,55.61079788,2
